id,created,price_id,price_product_id,quantity,subscription_id
si_sqHJi1AnhLA8v2,2026-03-04 10:17:03,price_ptOqVF9hDheIo1,prod_FxVQ3ZBq7YBhvi,7,sub_zEY5ucxtMseGCz
si_sILe1dxiGRurr0,2026-01-16 16:52:03,price_ptOqVF9hDheIo1,prod_ee78uEf9bGLRDl,9,sub_0znH09FUFlWdLc
si_Pxssa3BcUw7jhK,2026-02-12 05:25:03,price_Cl5dz5RI1299qA,prod_ee78uEf9bGLRDl,10,sub_jLzH1mJkVN1oA1
si_6tXiPXJ5P3uyuz,2026-04-09 15:49:03,price_ptOqVF9hDheIo1,prod_ee78uEf9bGLRDl,9,sub_jLzH1mJkVN1oA1
si_WhegIsYxpv0mQP,2026-04-04 20:51:03,price_W4APGuJrpW2v6q,prod_8xpw0VjRviQWX6,8,sub_zEY5ucxtMseGCz
si_cTQTbViRs46jAX,2026-02-06 11:05:03,price_gfVllxRsK03ch8,prod_hDF2t9mHfG4FsB,3,sub_rFiHY1mS3l21lR
si_VF8PJqA7pxWsYp,2026-04-15 09:48:03,price_Cl5dz5RI1299qA,prod_4v9ef23lIzxFl0,2,sub_jLzH1mJkVN1oA1
si_A6vz9yDQAM2QEl,2026-04-02 09:57:03,price_WIqr4c5F5MepGR,prod_u0TzzNBuG74Nc1,12,sub_sC5MVisVdHYROk
si_NUauUd5jorMpsK,2026-03-17 05:45:03,price_M7stFQGmzwa5o0,prod_8xpw0VjRviQWX6,9,sub_sC5MVisVdHYROk
